<?xml version="1.0" encoding="UTF-8"?>
<project-private xmlns="http://www.netbeans.org/ns/project-private/1">
    <editor-bookmarks xmlns="http://www.netbeans.org/ns/editor-bookmarks/2" lastBookmarkId="0"/>
    <open-files xmlns="http://www.netbeans.org/ns/projectui-open-files/2">
        <group>
            <file>file:/run/media/mattsoleh/DATA/lara/jurnal/resources/views/dash-admin/index.blade.php</file>
            <file>file:/run/media/mattsoleh/DATA/lara/jurnal/resources/views/dash-admin/detiluser.blade.php</file>
            <file>file:/run/media/mattsoleh/DATA/lara/jurnal/routes/web.php</file>
            <file>file:/run/media/mattsoleh/DATA/lara/jurnal/public/js/admin.js</file>
            <file>file:/run/media/mattsoleh/DATA/lara/jurnal/app/Http/Controllers/DashController.php</file>
            <file>file:/run/media/mattsoleh/DATA/lara/jurnal/resources/views/dash-admin/jadwal.blade.php</file>
        </group>
    </open-files>
</project-private>
